"data","n","p","method","seconds","lambda0","num_nonzeros","which_nonzeros","nll_train","nll_test","auc_train","auc_test","brier_train","brier_test","med_abs","max_abs"
"sim_100_10_0_1_1_data.csv",100,10,"FasterRisk-CV",0.225059986114502,5,5,"1_2_3_4_10",62.9160697850416,69.0154541287577,0.69010101010101,0.643518518518518,0.217283625147161,0.246253910884488,1,6
"sim_100_10_0_1_10_data.csv",100,10,"FasterRisk-CV",0.25125789642334,5,5,"1_4_5_6_9",61.7446756766517,71.1001257430125,0.708483393357343,0.607711138310894,0.215674619830641,0.252108095234625,1,4
"sim_100_10_0_1_2_data.csv",100,10,"FasterRisk-CV",0.431649923324585,10,9,"2_3_4_5_6_7_8_9_10",61.8040861976776,68.0077289145816,0.724089635854342,0.655862344937975,0.213823069149727,0.238878526961373,3.5,10
"sim_100_10_0_1_3_data.csv",100,10,"FasterRisk-CV",0.229289054870605,5,5,"1_2_5_6_9",51.9385380184631,69.6326698189998,0.825,0.657670454545455,0.171659195671938,0.247518992315728,1.5,6
"sim_100_10_0_1_4_data.csv",100,10,"FasterRisk-CV",0.25205397605896,5,5,"1_5_7_8_9",57.6316410228807,77.8503762251095,0.723417207792208,0.633213141025641,0.202188632538457,0.268713510684432,0.5,7
"sim_100_10_0_1_5_data.csv",100,10,"FasterRisk-CV",0.242172002792358,5,5,"2_3_5_8_10",56.3186511647172,63.3447040012127,0.778311324529812,0.704406364749082,0.191511007495644,0.220345398563378,1.5,10
"sim_100_10_0_1_6_data.csv",100,10,"FasterRisk-CV",0.426095008850098,10,10,"1_2_3_4_5_6_7_8_9_10",59.0406709284742,76.4843595172576,0.752403846153846,0.5576,0.202115540824437,0.275299316689156,4,8
"sim_100_10_0_1_7_data.csv",100,10,"FasterRisk-CV",0.403984069824219,10,9,"1_2_3_4_6_7_8_9_10",50.2624533475126,77.6005480827377,0.824269480519481,0.60281517747858,0.16793236657847,0.27704909774337,4.5,10
"sim_100_10_0_1_8_data.csv",100,10,"FasterRisk-CV",0.26765513420105,5,5,"1_3_4_5_10",64.6985291779288,71.1244094264045,0.660778803693296,0.55010101010101,0.227839739461139,0.257306918338474,1,4
"sim_100_10_0_1_9_data.csv",100,10,"FasterRisk-CV",0.379517078399658,10,8,"2_4_5_6_7_8_9_10",60.6899596709974,78.4985907514092,0.733535353535354,0.492044063647491,0.206721628379192,0.286475976126979,3,8
"sim_100_10_0_2_1_data.csv",100,10,"FasterRisk-CV",0.360085010528564,10,9,"1_2_3_4_5_7_8_9_10",56.4727641487307,61.2169194548944,0.774709883953581,0.728165064102564,0.191085949521334,0.211098271307122,5.5,8
"sim_100_10_0_2_10_data.csv",100,10,"FasterRisk-CV",0.253107070922852,5,5,"1_4_6_8_10",62.8598814112403,67.2822978028518,0.692877150860344,0.625400641025641,0.220103490797626,0.239314456576689,1,4
"sim_100_10_0_2_2_data.csv",100,10,"FasterRisk-CV",0.374073028564453,10,9,"1_2_3_4_5_6_7_8_9",54.1054086173334,59.750610789273,0.795272435897436,0.751706142111602,0.184017735747623,0.205274821604034,4,10
"sim_100_10_0_2_3_data.csv",100,10,"FasterRisk-CV",0.232568025588989,5,5,"1_2_3_7_8",63.4713408732487,68.9092120854066,0.6968787515006,0.626006441223833,0.220854769377356,0.245945116071211,1,4
"sim_100_10_0_2_4_data.csv",100,10,"FasterRisk-CV",0.245003938674927,5,5,"1_2_5_6_9",63.3264175389333,77.5294838920722,0.67200328407225,0.487595038015206,0.221836790211004,0.282678384092733,0.5,5
"sim_100_10_0_2_5_data.csv",100,10,"FasterRisk-CV",0.326349973678589,5,5,"1_2_3_6_7",62.8896169287522,68.2694102220239,0.690504807692308,0.653180354267311,0.22009357156253,0.24137085614814,1.5,10
"sim_100_10_0_2_6_data.csv",100,10,"FasterRisk-CV",0.249169111251831,5,5,"4_5_8_9_10",63.9774622942043,68.2382421125669,0.68,0.63979797979798,0.224113936120827,0.243376964697478,1,6
"sim_100_10_0_2_7_data.csv",100,10,"FasterRisk-CV",0.38073205947876,10,9,"1_2_3_4_5_6_7_9_10",59.5712981997611,72.5707728617693,0.761904761904762,0.610909090909091,0.20100813021553,0.261800824186094,2.5,5
"sim_100_10_0_2_8_data.csv",100,10,"FasterRisk-CV",0.242967128753662,5,5,"1_3_4_5_9",61.0936364354935,59.9202972085563,0.721354166666667,0.743232323232323,0.212341635671128,0.204466221438494,0.5,6
"sim_100_10_0_2_9_data.csv",100,10,"FasterRisk-CV",0.411165952682495,10,9,"1_2_3_4_6_7_8_9_10",59.1084225783539,78.0950801409679,0.738325281803543,0.542227662178703,0.204246216361757,0.283950776319753,3,8
"sim_100_10_0_3_1_data.csv",100,10,"FasterRisk-CV",0.3506019115448,10,10,"1_2_3_4_5_6_7_8_9_10",59.7467780889741,57.7511336571336,0.740985576923077,0.764222756410256,0.205802142593918,0.197105473121319,3.5,6
"sim_100_10_0_3_10_data.csv",100,10,"FasterRisk-CV",0.375175952911377,10,9,"1_2_4_5_6_7_8_9_10",62.7943972391236,70.7125628841939,0.704134885588117,0.598557692307692,0.218626614225837,0.253533234991214,3,7
"sim_100_10_0_3_2_data.csv",100,10,"FasterRisk-CV",0.348003149032593,10,8,"1_3_5_6_7_8_9_10",57.8040684433346,72.327724278111,0.76890756302521,0.627003205128205,0.196402717090955,0.257060324580601,4,9
"sim_100_10_0_3_3_data.csv",100,10,"FasterRisk-CV",0.377884149551392,10,9,"1_2_4_5_6_7_8_9_10",61.0045675016803,70.6851594862843,0.710505050505051,0.614583333333333,0.211826650831675,0.252131735588148,2,8
"sim_100_10_0_3_4_data.csv",100,10,"FasterRisk-CV",0.394100904464722,10,10,"1_2_3_4_5_6_7_8_9_10",59.2038941485647,72.6737731217616,0.71116298811545,0.644831730769231,0.202576670310733,0.260650638259884,1.5,10
"sim_100_10_0_3_5_data.csv",100,10,"FasterRisk-CV",0.248425006866455,5,5,"1_7_8_9_10",62.0498515853322,71.3640516843017,0.708483393357343,0.596038415366146,0.215962389654831,0.255741114540558,1.5,5
"sim_100_10_0_3_6_data.csv",100,10,"FasterRisk-CV",0.388707160949707,10,10,"1_2_3_4_5_6_7_8_9_10",57.2040480013151,64.6611913319913,0.7664,0.701926936973103,0.195624213094692,0.221899740511926,3.5,10
"sim_100_10_0_3_7_data.csv",100,10,"FasterRisk-CV",0.375488996505737,10,10,"1_2_3_4_5_6_7_8_9_10",54.7526558979736,76.610936893468,0.793456443195504,0.619543043655651,0.184469639243049,0.27356833488344,3,6
"sim_100_10_0_3_8_data.csv",100,10,"FasterRisk-CV",0.405699968338013,10,10,"1_2_3_4_5_6_7_8_9_10",53.9666399106927,75.9788451176266,0.808109193095143,0.6268,0.179032158768449,0.266602125978831,4.5,10
"sim_100_10_0_3_9_data.csv",100,10,"FasterRisk-CV",0.401221036911011,10,8,"1_2_3_4_6_7_9_10",58.7619794804162,61.6561727500593,0.746550324675325,0.730475040257649,0.201833213408853,0.21019304961776,4,8
"sim_100_10_0.5_1_1_data.csv",100,10,"FasterRisk-CV",0.235726118087769,5,5,"1_3_4_6_9",67.1771120672663,73.380229625365,0.618189102564103,0.456530448717949,0.239308566115219,0.26911119673398,1,3
"sim_100_10_0.5_1_10_data.csv",100,10,"FasterRisk-CV",0.234279155731201,5,5,"3_6_7_8_10",61.9857234042663,84.1404604472418,0.697470420236638,0.551820728291317,0.212639260241624,0.312345997411898,1,3
"sim_100_10_0.5_1_2_data.csv",100,10,"FasterRisk-CV",0.372539043426514,10,9,"1_2_3_4_5_6_7_9_10",61.5873742141492,77.0891822047896,0.696568830095081,0.476540187678499,0.215233033836065,0.276833460209186,2,7
"sim_100_10_0.5_1_3_data.csv",100,10,"FasterRisk-CV",0.272514820098877,5,5,"1_4_5_8_9",60.7557859077733,71.9079329407966,0.725845410628019,0.602315006200909,0.209774553061518,0.259187822153974,1,4
"sim_100_10_0.5_1_4_data.csv",100,10,"FasterRisk-CV",0.244472980499268,5,5,"3_4_6_8_10",64.9469724017768,78.0575920901445,0.650909090909091,0.49619391025641,0.229619065953386,0.288423125455034,1.5,5
"sim_100_10_0.5_1_5_data.csv",100,10,"FasterRisk-CV",0.214723110198975,5,5,"1_3_6_8_9",63.4024684250205,76.854833779214,0.693095142513047,0.517206882753101,0.220839455158997,0.279149130546201,0.5,3
"sim_100_10_0.5_1_6_data.csv",100,10,"FasterRisk-CV",0.241456031799316,5,5,"1_3_4_9_10",63.7935568495523,70.294979949245,0.67523083099157,0.593149038461538,0.22463057792715,0.251478091817603,0.5,4
"sim_100_10_0.5_1_7_data.csv",100,10,"FasterRisk-CV",0.242164134979248,5,5,"2_3_5_7_8",61.776811939693,69.8220763944475,0.712139423076923,0.615462662337662,0.21421467714703,0.24734046799102,0.5,5
"sim_100_10_0.5_1_8_data.csv",100,10,"FasterRisk-CV",0.332962989807129,10,10,"1_2_3_4_5_6_7_8_9_10",61.7914585527739,78.5003885546253,0.710336538461538,0.5122,0.215015570820746,0.289495228078722,2,5
"sim_100_10_0.5_1_9_data.csv",100,10,"FasterRisk-CV",0.34820294380188,10,8,"1_2_3_5_6_7_9_10",62.563666919719,81.8308754770657,0.699,0.592837134853942,0.217994907366794,0.3054665615862,2.5,8
"sim_100_10_0.5_2_1_data.csv",100,10,"FasterRisk-CV",0.284970045089722,5,5,"1_3_4_5_6",59.131488900337,61.2644068379729,0.7562,0.736668044646548,0.202905400845293,0.214003971612406,0.5,4
"sim_100_10_0.5_2_10_data.csv",100,10,"FasterRisk-CV",0.381501197814941,10,10,"1_2_3_4_5_6_7_8_9_10",59.3460614785806,85.5433459822854,0.749899638699318,0.542635658914729,0.201038695263563,0.312438924215843,3,10
"sim_100_10_0.5_2_2_data.csv",100,10,"FasterRisk-CV",0.277103900909424,5,5,"3_4_5_8_9",62.4402117875984,69.7053744487547,0.703703703703704,0.605706075533662,0.216888759255265,0.250817114771417,1,3
"sim_100_10_0.5_2_3_data.csv",100,10,"FasterRisk-CV",0.272848129272461,5,5,"2_3_4_5_7",60.1034277727852,73.1476159055435,0.724838969404187,0.6338,0.208649649353555,0.254401567306681,1.5,10
"sim_100_10_0.5_2_4_data.csv",100,10,"FasterRisk-CV",0.32547402381897,10,7,"1_2_3_4_6_8_10",63.4267163270787,83.3963561277562,0.665238678090575,0.431955038137294,0.222385106340181,0.311693575045253,3,6
"sim_100_10_0.5_2_5_data.csv",100,10,"FasterRisk-CV",0.303205013275146,5,5,"1_2_3_4_7",53.9039907302075,67.1945822075718,0.802536231884058,0.693939393939394,0.180312103844589,0.229152720719634,1,9
"sim_100_10_0.5_2_6_data.csv",100,10,"FasterRisk-CV",0.376949071884155,10,10,"1_2_3_4_5_6_7_8_9_10",50.7489305508024,69.3085722721129,0.825081168831169,0.725761217948718,0.16626897074001,0.233630108141283,3.5,10
"sim_100_10_0.5_2_7_data.csv",100,10,"FasterRisk-CV",0.246218204498291,5,5,"2_3_5_7_8",54.1619223181561,72.2108322270765,0.788453692370461,0.684253246753247,0.183083273926291,0.25503770940622,1,9
"sim_100_10_0.5_2_8_data.csv",100,10,"FasterRisk-CV",0.361180067062378,10,9,"1_2_3_4_5_6_7_9_10",62.1719081117466,76.5516249983079,0.714572460859093,0.4974,0.21566833931995,0.281047874886897,3,4
"sim_100_10_0.5_2_9_data.csv",100,10,"FasterRisk-CV",0.35279393196106,10,10,"1_2_3_4_5_6_7_8_9_10",61.6449823835078,69.7254623337516,0.71195652173913,0.633253301320528,0.214960977544031,0.246167729660014,2,9
"sim_100_10_0.5_3_1_data.csv",100,10,"FasterRisk-CV",0.409893035888672,10,10,"1_2_3_4_5_6_7_8_9_10",57.3386464886051,74.9810837154396,0.7742,0.613006824568446,0.194548656827267,0.264152015504907,5.5,8
"sim_100_10_0.5_3_10_data.csv",100,10,"FasterRisk-CV",0.342121839523315,10,9,"1_3_4_5_6_7_8_9_10",62.722646076257,69.5990027421746,0.704927884615385,0.579727564102564,0.218373205933936,0.250112776338837,2,6
"sim_100_10_0.5_3_2_data.csv",100,10,"FasterRisk-CV",0.271091938018799,5,5,"1_2_3_7_10",58.7832861726408,67.5877144598869,0.741379310344828,0.6616,0.200723575294699,0.235860403643281,2,7
"sim_100_10_0.5_3_3_data.csv",100,10,"FasterRisk-CV",0.250540018081665,5,5,"6_7_8_9_10",62.3458304766124,77.9980722573396,0.721488595438175,0.490396158463385,0.215320669612471,0.287759586834859,0.5,5
"sim_100_10_0.5_3_4_data.csv",100,10,"FasterRisk-CV",0.262814998626709,5,5,"2_4_7_8_10",62.6607147697353,65.4722089711615,0.6984,0.665596146126054,0.219437101352473,0.231098114024771,1,4
"sim_100_10_0.5_3_5_data.csv",100,10,"FasterRisk-CV",0.356472015380859,10,10,"1_2_3_4_5_6_7_8_9_10",62.8544145193952,73.9311886136955,0.68851461038961,0.613207547169811,0.219435849170879,0.263588833104343,3,6
"sim_100_10_0.5_3_6_data.csv",100,10,"FasterRisk-CV",0.347978830337524,10,9,"1_2_3_4_5_6_7_8_10",62.6392254473005,78.8743596176029,0.699518265756724,0.48747947454844,0.218720368112631,0.288436015932975,2.5,7
"sim_100_10_0.5_3_7_data.csv",100,10,"FasterRisk-CV",0.349974155426025,10,9,"1_2_4_5_6_7_8_9_10",63.4461437928283,71.5001385422527,0.658685064935065,0.63474025974026,0.223313206142216,0.257805332216065,2.5,6
"sim_100_10_0.5_3_8_data.csv",100,10,"FasterRisk-CV",0.237827062606812,5,5,"4_6_8_9_10",61.0337788791874,71.7899523936835,0.718181818181818,0.615136876006441,0.212298009659928,0.25974987224245,0.5,5
"sim_100_10_0.5_3_9_data.csv",100,10,"FasterRisk-CV",0.409952163696289,10,10,"1_2_3_4_5_6_7_8_9_10",54.2204868352168,98.9500399207278,0.797979797979798,0.548076923076923,0.180245398939232,0.350454090891748,3.5,10
"sim_100_50_0_1_1_data.csv",100,50,"FasterRisk-CV",0.471482992172241,5,5,"7_16_17_21_33",48.9444555051676,75.4342681668272,0.824269480519481,0.644074675324675,0.163117487942068,0.261609165804223,0,10
"sim_100_50_0_1_10_data.csv",100,50,"FasterRisk-CV",32.8334419727325,35,35,"1_2_5_6_7_10_11_12_13_15_16_19_20_21_22_25_27_28_29_30_31_32_33_36_38_39_40_41_42_43_44_45_48_49_50",10.4706090924047,NA,0.997599039615846,0.643410852713178,0.0258312337685846,0.358040437177678,3,9
"sim_100_50_0_1_2_data.csv",100,50,"FasterRisk-CV",53.6211791038513,50,43,"1_2_4_5_7_8_9_10_11_12_13_14_15_16_17_18_19_20_21_22_23_24_25_26_27_28_31_32_33_34_35_36_37_39_40_41_42_43_44_45_46_48_50",NA,NA,0.97147581645308,0.62866318747491,0.0668192080387283,0.362467842292017,4,10
"sim_100_50_0_1_3_data.csv",100,50,"FasterRisk-CV",5.33105516433716,15,15,"1_5_6_13_16_21_23_25_28_30_33_35_42_44_49",25.1550289968973,171.995479787179,0.959200326397389,0.661180248896026,0.0807539213919548,0.326513919195665,0,9
"sim_100_50_0_1_4_data.csv",100,50,"FasterRisk-CV",61.1119208335876,50,42,"1_2_3_4_5_6_7_8_9_11_13_14_15_16_17_18_19_20_21_22_23_24_25_26_27_29_30_32_33_34_35_36_38_39_40_41_43_44_45_46_47_49",18.6394864624254,495.720456672003,0.981132075471698,0.526582792207792,0.0561371418192699,0.455328188337206,3,10
"sim_100_50_0_1_5_data.csv",100,50,"FasterRisk-CV",58.8275091648102,50,45,"1_2_3_4_5_6_7_8_9_10_11_12_13_15_16_17_18_20_21_22_23_24_25_27_29_30_31_32_33_34_35_36_37_38_39_40_41_42_43_44_45_46_48_49_50",NA,NA,1,0.738678090575275,0.000788551224967462,0.290427277247787,5,9
"sim_100_50_0_1_6_data.csv",100,50,"FasterRisk-CV",0.515766143798828,5,5,"3_20_22_30_38",49.220020638363,120.769507604463,0.830314009661836,0.557422969187675,0.164642112731601,0.387855868228031,0,9
"sim_100_50_0_1_7_data.csv",100,50,"FasterRisk-CV",2.3884449005127,10,10,"1_3_10_11_19_24_26_31_34_39",45.9068441001204,101.863130477405,0.869047619047619,0.593344155844156,0.142411582530731,0.317210211393791,0,10
"sim_100_50_0_1_8_data.csv",100,50,"FasterRisk-CV",25.9477341175079,30,30,"1_2_3_5_8_9_10_11_12_13_14_15_16_17_18_19_20_24_25_29_30_31_32_33_34_36_37_39_43_45",7.49908039917991,265.368790857176,1,0.747395833333333,0.0166749060637899,0.2724028030745,2,10
"sim_100_50_0_1_9_data.csv",100,50,"FasterRisk-CV",10.6622648239136,20,20,"3_4_6_9_10_12_14_17_19_21_22_29_30_31_35_38_42_43_46_48",41.8274019745459,169.82951802357,0.884040404040404,0.494141414141414,0.141705714015391,0.402499588340933,0,10
"sim_100_50_0_2_1_data.csv",100,50,"FasterRisk-CV",25.233020067215,30,30,"2_3_5_8_9_11_12_13_14_16_17_18_19_20_21_22_23_29_31_32_35_36_38_40_42_44_45_46_48_50",NA,NA,1,0.688301282051282,0.0123806858385517,0.365398790419852,3,10
"sim_100_50_0_2_10_data.csv",100,50,"FasterRisk-CV",16.8375308513641,25,25,"2_4_9_11_12_14_16_17_19_20_21_23_24_25_31_32_34_36_38_41_44_45_46_47_48",23.3103472051945,432.263278435829,0.961755233494364,0.611444577831132,0.0753375413331229,0.393596693212335,1,10
"sim_100_50_0_2_2_data.csv",100,50,"FasterRisk-CV",62.2328140735626,50,46,"1_2_3_4_5_6_7_8_9_10_11_12_13_14_15_16_17_18_19_20_21_22_23_24_25_26_28_29_30_31_32_33_34_35_37_38_40_41_43_44_45_46_47_48_49_50",NA,NA,1,0.536945812807882,0.00454358735930512,0.404504377847521,4,10
"sim_100_50_0_2_3_data.csv",100,50,"FasterRisk-CV",0.38679313659668,5,5,"4_15_16_23_46",51.074991594698,88.1159930502989,0.799718196457327,0.5554,0.173147519817225,0.307408836928779,0,8
"sim_100_50_0_2_4_data.csv",100,50,"FasterRisk-CV",60.5325479507446,50,44,"1_2_3_4_5_6_7_8_10_11_12_13_14_15_16_17_18_21_22_23_24_25_26_27_28_29_30_31_32_33_34_35_36_37_38_39_40_42_44_45_46_47_48_50",NA,NA,1,0.600640256102441,0.0104853177292507,0.425131926107453,5,10
"sim_100_50_0_2_5_data.csv",100,50,"FasterRisk-CV",17.171856880188,25,25,"6_7_8_9_12_13_14_16_17_19_23_24_27_29_30_31_32_33_34_35_37_45_46_47_50",19.189078873679,293.46930277332,0.979727017262144,0.701480592236895,0.0585636198625085,0.339364276105179,0.5,9
"sim_100_50_0_2_6_data.csv",100,50,"FasterRisk-CV",61.4403848648071,45,44,"1_2_3_4_5_6_7_8_10_11_12_14_16_17_18_20_21_22_24_25_26_28_29_30_31_32_33_34_35_36_37_38_39_40_41_42_43_44_45_46_47_48_49_50",3.106816024633,372.859563800012,1,0.702881152460984,0.00330582433207305,0.31617044586827,3.5,9
"sim_100_50_0_2_7_data.csv",100,50,"FasterRisk-CV",10.1145370006561,20,20,"1_2_4_9_11_14_17_18_20_21_27_30_34_36_38_39_41_43_45_50",40.0369083102263,116.326840112548,0.897559023609444,0.613727858293076,0.127473372639833,0.325641046977221,0,9
"sim_100_50_0_2_8_data.csv",100,50,"FasterRisk-CV",17.9584450721741,25,25,"2_5_6_8_10_11_16_20_21_22_24_25_27_29_32_33_35_36_37_38_40_43_44_45_50",14.8334541388368,526.800686750139,0.988759534323565,0.552291666666667,0.0439055181434135,0.42600730639204,1,10
"sim_100_50_0_2_9_data.csv",100,50,"FasterRisk-CV",5.57946515083313,15,15,"3_8_10_12_14_15_27_31_32_34_36_41_42_45_46",32.6700964632853,162.338182605416,0.935574229691877,0.578131459280695,0.10092928050681,0.376413130855494,0,9
"sim_100_50_0_3_1_data.csv",100,50,"FasterRisk-CV",0.600346803665161,5,5,"8_30_33_40_41",53.6498700201864,64.9790521347678,0.805522208883553,0.7178,0.180515168395429,0.222347532900207,0,8
"sim_100_50_0_3_10_data.csv",100,50,"FasterRisk-CV",50.5110640525818,40,40,"1_3_4_6_7_8_11_12_13_14_15_16_17_18_19_20_21_22_23_24_25_27_28_29_30_31_32_33_36_38_39_40_41_42_45_46_47_48_49_50",NA,NA,0.997916666666667,0.604041616646659,0.0214049460544038,0.384138652533153,3,10
"sim_100_50_0_3_2_data.csv",100,50,"FasterRisk-CV",0.613810062408447,5,5,"5_11_17_29_41",50.3421866275707,62.3941186674695,0.824927656056222,0.804569563443492,0.163476716323454,0.203924857759185,0,10
"sim_100_50_0_3_3_data.csv",100,50,"FasterRisk-CV",40.9865410327911,35,34,"1_2_3_4_5_6_7_8_10_11_12_15_17_19_22_24_26_27_29_30_31_33_34_35_39_40_41_43_44_45_46_48_49_50",NA,495.451571548352,1,0.673029556650246,5.88387937463624e-05,0.389469793836711,2.5,8
"sim_100_50_0_3_4_data.csv",100,50,"FasterRisk-CV",16.5644860267639,25,25,"1_4_6_7_8_11_12_13_16_17_19_20_21_22_24_27_28_29_30_31_34_36_39_40_42",15.2262954195853,NA,0.9866,0.62099358974359,0.0471395327405982,0.384396347869631,1.5,10
"sim_100_50_0_3_5_data.csv",100,50,"FasterRisk-CV",51.0255241394043,40,39,"1_3_4_6_7_8_9_10_12_13_15_16_17_18_21_22_23_25_26_27_28_30_31_32_33_35_37_38_40_41_42_43_44_45_46_47_48_49_50",2.69363526094694,NA,1,0.620192307692308,0.00259729285271078,0.383883181561842,4,10
"sim_100_50_0_3_6_data.csv",100,50,"FasterRisk-CV",16.9534640312195,25,25,"3_4_5_7_8_12_13_14_15_16_21_22_23_24_27_29_30_32_33_38_39_44_45_47_49",13.9855904773509,433.244690714631,0.989800081599347,0.498193496587716,0.038300056896106,0.502656899333021,0.5,9
"sim_100_50_0_3_7_data.csv",100,50,"FasterRisk-CV",0.354496002197266,5,5,"9_10_27_34_43",40.9862311674939,82.211572383741,0.886666666666667,0.699275362318841,0.133709042099687,0.245820578644112,0,10
"sim_100_50_0_3_8_data.csv",100,50,"FasterRisk-CV",0.615781784057617,5,5,"8_11_15_26_39",47.3382928370071,74.1659207105571,0.842083505580818,0.675925925925926,0.157161420363493,0.244284176382425,0,8
"sim_100_50_0_3_9_data.csv",100,50,"FasterRisk-CV",18.3447320461273,25,25,"1_3_5_11_16_17_18_19_20_22_25_27_30_31_32_34_36_38_40_41_42_43_46_49_50",12.1055693481933,317.326278165252,0.994363929146538,0.6985146527499,0.0335006022662052,0.366272162202952,1,9
"sim_100_50_0.5_1_1_data.csv",100,50,"FasterRisk-CV",33.9701840877533,35,35,"1_3_5_7_9_10_11_14_15_16_17_18_19_20_21_22_23_24_25_27_28_29_30_31_34_38_39_40_41_42_44_45_47_48_49",NA,482.048744053747,0.998,0.6174,0.0328851230038667,0.377046849000937,4,10
"sim_100_50_0.5_1_10_data.csv",100,50,"FasterRisk-CV",60.8998289108276,45,44,"1_2_3_4_5_6_7_8_9_10_11_12_13_14_15_16_17_18_19_20_22_23_24_25_26_27_28_29_30_31_32_33_35_37_38_40_42_43_44_45_46_47_48_49",10.177980214368,Inf,0.996510673234811,0.539415766306523,0.0263960620741546,0.429830945028908,3.5,9
"sim_100_50_0.5_1_2_data.csv",100,50,"FasterRisk-CV",16.7346611022949,25,25,"2_5_8_11_12_17_19_23_24_25_29_30_31_32_33_36_37_40_41_42_43_47_48_49_50",30.739940994896,307.287604884613,0.944645732689211,0.542613636363636,0.0901944896058706,0.439185520353561,1,10
"sim_100_50_0.5_1_3_data.csv",100,50,"FasterRisk-CV",5.73445701599121,15,15,"1_2_6_7_8_11_12_13_15_18_23_36_41_44_47",40.4005628218425,93.1926774528114,0.896969696969697,0.698268921095008,0.127534469032936,0.277296543082899,0,10
"sim_100_50_0.5_1_4_data.csv",100,50,"FasterRisk-CV",6.10416793823242,15,15,"2_6_11_12_13_17_18_21_22_25_34_35_41_46_48",42.6514902768766,134.440623389335,0.880408653846154,0.601212121212121,0.141229027729938,0.332276415089903,0,9
"sim_100_50_0.5_1_5_data.csv",100,50,"FasterRisk-CV",2.09819793701172,10,10,"1_4_5_8_12_15_28_35_41_42",37.7070491823729,146.029082799519,0.90726615816941,0.489763147330389,0.120698811190502,0.401290018353915,0,9
"sim_100_50_0.5_1_6_data.csv",100,50,"FasterRisk-CV",53.6994330883026,50,47,"1_2_3_4_5_6_7_8_9_10_11_12_13_14_15_16_17_19_20_21_22_23_24_25_26_28_29_30_31_32_33_34_35_36_37_38_40_41_42_43_44_45_46_47_48_49_50",17.7334215171403,NA,0.990164592533119,0.552684294871795,0.0511314256971101,0.436094956326925,3,10
"sim_100_50_0.5_1_7_data.csv",100,50,"FasterRisk-CV",0.39448618888855,5,5,"4_7_12_14_17",44.5969919853551,95.2993184479487,0.858969155844156,0.576892109500805,0.15072265672503,0.310450158745008,0,9
"sim_100_50_0.5_1_8_data.csv",100,50,"FasterRisk-CV",2.20139217376709,10,10,"3_8_25_26_28_30_44_46_48_49",46.8711507808805,136.473262774913,0.856942777110844,0.586310718586913,0.155223501747483,0.414932360947027,0,9
"sim_100_50_0.5_1_9_data.csv",100,50,"FasterRisk-CV",14.8984260559082,25,25,"1_4_5_6_7_8_9_10_11_14_17_18_20_22_24_28_30_32_36_37_40_42_47_48_49",28.5554881561172,255.616559077788,0.947061191626409,0.603462157809984,0.0935289870975367,0.388370012626559,1,9
"sim_100_50_0.5_2_1_data.csv",100,50,"FasterRisk-CV",59.6398620605469,50,47,"1_2_3_4_5_6_7_8_9_10_11_12_13_14_15_16_17_18_19_20_21_23_24_25_27_28_29_30_31_32_33_34_35_36_37_38_39_40_41_42_43_44_45_47_48_49_50",NA,NA,1,0.686868686868687,0.00194497622344474,0.324663312073586,4,9
"sim_100_50_0.5_2_10_data.csv",100,50,"FasterRisk-CV",48.8582651615143,40,40,"1_2_3_5_7_8_10_11_12_13_16_17_18_19_20_21_22_24_25_27_28_29_30_31_32_33_34_36_37_38_39_41_42_43_44_45_46_48_49_50",2.47800382131834,NA,1,0.6718,0.00213970111980801,0.365432803000174,4,10
"sim_100_50_0.5_2_2_data.csv",100,50,"FasterRisk-CV",27.4641439914703,30,30,"1_4_5_7_8_11_12_13_14_16_17_19_20_23_25_26_27_28_30_32_34_36_37_39_40_41_42_43_48_50",NA,NA,0.995772946859903,0.540816326530612,0.0279318908036508,0.459793951132746,2,10
"sim_100_50_0.5_2_3_data.csv",100,50,"FasterRisk-CV",2.2247428894043,10,10,"3_4_6_7_20_22_24_34_35_47",49.0571118485004,89.0747385379665,0.842,0.618116855821774,0.158661436319804,0.292181859370808,0,10
"sim_100_50_0.5_2_4_data.csv",100,50,"FasterRisk-CV",49.5262789726257,40,40,"1_2_3_5_6_7_8_10_11_12_13_14_15_16_19_20_22_23_24_25_26_27_29_30_31_32_33_34_35_36_37_38_39_40_42_44_46_47_49_50",NA,Inf,0.978260869565217,0.546018407362945,0.0551741168684071,0.496076364704904,4,10
"sim_100_50_0.5_2_5_data.csv",100,50,"FasterRisk-CV",5.00190210342407,15,15,"5_7_9_10_16_17_22_23_26_27_31_38_42_44_49",30.5340264643178,255.337005707326,0.944801284624649,0.544646464646465,0.0923238171044027,0.483351877849862,0,10
"sim_100_50_0.5_2_6_data.csv",100,50,"FasterRisk-CV",50.5151669979095,50,47,"1_2_3_4_5_6_7_8_9_10_11_12_13_14_15_16_17_18_19_21_22_23_24_25_26_27_28_29_30_31_32_33_34_35_36_37_38_39_40_42_43_44_45_46_48_49_50",37.5890832273382,218.912219839959,0.912685668406263,0.440833333333333,0.117848541126719,0.430861856958065,2,10
"sim_100_50_0.5_2_7_data.csv",100,50,"FasterRisk-CV",0.622188091278076,5,5,"3_12_16_23_24",49.0361280860338,69.8500263089819,0.842432757928543,0.6922,0.159596883873115,0.238704691289899,0,8
"sim_100_50_0.5_2_8_data.csv",100,50,"FasterRisk-CV",2.25530409812927,10,10,"12_14_19_20_21_24_28_30_33_48",49.8642081879056,109.870527969408,0.850265197878417,0.523484544359695,0.156802891507166,0.347626981797371,0,8
"sim_100_50_0.5_2_9_data.csv",100,50,"FasterRisk-CV",0.442034006118774,5,5,"4_9_12_14_42",47.5596151661179,116.747707714826,0.836206896551724,0.514747474747475,0.161229461248939,0.384534328396787,0,8
"sim_100_50_0.5_3_1_data.csv",100,50,"FasterRisk-CV",62.5619549751282,50,46,"1_2_3_5_6_7_8_9_10_11_12_13_14_15_16_17_18_19_20_21_22_23_24_25_26_27_28_29_30_31_32_33_34_35_36_37_38_39_40_41_42_43_44_45_46_49",NA,NA,1,0.561414141414141,0.0167580930021419,0.447228890718174,4.5,10
"sim_100_50_0.5_3_10_data.csv",100,50,"FasterRisk-CV",34.1380579471588,30,30,"1_3_4_5_6_8_9_10_11_15_17_21_22_23_24_25_27_28_29_30_31_32_33_34_36_37_38_40_45_47",32.0346579657018,168.836776070574,0.934747474747475,0.653003246753247,0.100337225048691,0.302720829899639,2,10
"sim_100_50_0.5_3_2_data.csv",100,50,"FasterRisk-CV",10.9949741363525,20,20,"5_6_7_8_12_13_14_15_16_19_21_23_25_26_29_30_33_41_42_47",35.2271334553923,197.079950553617,0.922222222222222,0.573429371748699,0.113491557249465,0.411959282648245,0,10
"sim_100_50_0.5_3_3_data.csv",100,50,"FasterRisk-CV",11.1472940444946,20,20,"3_4_5_6_7_8_12_15_17_18_19_21_23_27_28_29_31_47_48_49",19.7034269416788,247.150335146943,0.974545454545454,0.6614,0.0651927169669225,0.325588100315149,0,10
"sim_100_50_0.5_3_4_data.csv",100,50,"FasterRisk-CV",0.598915815353394,5,5,"7_9_20_35_43",53.456850918229,67.8754628597459,0.799479166666667,0.680248896025693,0.180874319302027,0.235107547404209,0,8
"sim_100_50_0.5_3_5_data.csv",100,50,"FasterRisk-CV",10.6809549331665,20,20,"3_4_5_8_11_13_14_16_18_19_20_21_22_30_32_35_41_44_46_47",40.5568195673804,138.6463875987,0.891426282051282,0.594350961538462,0.133520999183933,0.361953576246658,0,8
"sim_100_50_0.5_3_6_data.csv",100,50,"FasterRisk-CV",31.7174801826477,30,30,"2_3_4_5_6_7_8_10_11_12_17_18_22_25_27_28_30_32_33_34_35_37_38_40_41_43_45_47_48_49",36.8429977498693,145.344062602806,0.913300693594451,0.712364512244079,0.113997711942785,0.304031151226513,1,10
"sim_100_50_0.5_3_7_data.csv",100,50,"FasterRisk-CV",26.8584470748901,30,30,"1_2_3_4_5_7_8_12_13_14_19_20_21_23_24_25_26_31_32_33_36_37_40_41_43_45_46_47_48_50",NA,NA,1,0.665056360708535,0.00361372391847635,0.344034498567962,3,10
"sim_100_50_0.5_3_8_data.csv",100,50,"FasterRisk-CV",2.08452296257019,10,10,"1_5_9_11_18_24_36_40_42_43",34.2446259716654,123.531663657092,0.928981937602627,0.629666800481734,0.103216244278599,0.331832902102841,0,7
"sim_100_50_0.5_3_9_data.csv",100,50,"FasterRisk-CV",2.14348411560059,10,10,"1_4_10_11_14_17_19_21_23_26",40.1614141748997,80.1133340154598,0.8925,0.724581724581725,0.131001622395291,0.252670687977919,0,10
"sim_1000_100_0_1_1_data.csv",1000,100,"FasterRisk-CV",183.984350204468,85,85,"2_3_4_6_7_8_9_10_11_12_13_14_15_16_17_18_20_21_22_23_25_26_27_28_29_30_31_32_33_34_35_36_37_38_39_40_41_42_43_45_46_47_49_50_51_52_56_58_59_60_61_62_63_64_65_66_67_68_69_70_71_72_73_75_76_77_78_79_80_83_84_85_87_88_89_90_91_92_93_94_95_96_97_98_100",495.316088305819,615.645971098351,0.83677011106831,0.749968979029824,0.164232376757728,0.208888697057512,3,10
"sim_1000_100_0_1_10_data.csv",1000,100,"FasterRisk-CV",195.119423151016,95,91,"1_2_3_4_5_6_7_8_9_10_11_12_13_14_15_16_17_18_19_20_21_22_23_24_25_26_27_28_29_30_32_33_34_36_37_40_41_42_43_44_45_46_47_48_49_50_51_52_53_54_55_56_57_58_59_60_61_62_63_65_66_67_69_70_71_72_74_75_76_77_78_79_80_81_83_84_85_86_87_88_90_91_92_93_94_95_96_97_98_99_100",489.330329422632,609.446017471851,0.844835656334512,0.763904,0.160396405651147,0.203477167554109,3,10
"sim_1000_100_0_1_2_data.csv",1000,100,"FasterRisk-CV",15.5024409294128,20,20,"1_3_6_13_16_24_25_37_42_46_47_52_55_71_73_83_86_87_91_95",539.657175745089,632.253002211948,0.801758175817582,0.724579492350042,0.181719555187616,0.217125639587751,0,8
"sim_1000_100_0_1_3_data.csv",1000,100,"FasterRisk-CV",190.408396959305,100,94,"1_2_3_4_5_6_7_8_9_10_11_12_13_14_16_17_18_19_20_21_22_23_24_25_26_27_28_29_30_31_32_33_34_35_36_37_38_40_41_42_43_44_45_46_47_48_49_50_51_52_53_54_55_56_57_58_59_60_61_62_63_64_65_66_67_68_69_70_71_72_73_74_75_76_77_78_79_82_83_84_85_87_88_89_90_91_93_94_95_96_97_98_99_100",518.620428438302,618.499500722712,0.822439607825882,0.740798963195853,0.171955231641717,0.211925255672797,3,10
"sim_1000_100_0_1_4_data.csv",1000,100,"FasterRisk-CV",106.523920059204,55,55,"4_9_10_12_13_14_16_17_18_20_22_24_27_28_29_32_33_35_38_39_40_43_48_49_50_52_53_54_55_56_58_60_62_63_64_65_66_68_72_75_76_77_78_80_82_83_85_88_92_94_95_96_97_98_99",517.445956546798,588.226223731912,0.81840716392111,0.768824689639169,0.173852511818304,0.199367523216935,3,10
"sim_1000_100_0_1_5_data.csv",1000,100,"FasterRisk-CV",186.400593996048,100,89,"1_2_3_4_5_6_8_9_10_11_12_13_14_16_18_19_20_21_22_23_24_25_26_27_28_29_30_31_32_33_34_36_38_39_40_41_42_43_44_45_46_47_48_49_50_51_52_53_55_56_57_58_59_60_61_62_63_64_65_66_67_69_70_71_73_74_75_76_78_79_80_81_82_84_85_86_87_88_89_90_91_92_94_95_96_97_98_99_100",506.957083072024,634.082558155893,0.82968471624462,0.738061775257864,0.167874893863673,0.216948305201008,2,10
"sim_1000_100_0_1_6_data.csv",1000,100,"FasterRisk-CV",33.4494280815125,30,30,"1_3_7_8_12_15_18_20_22_28_31_36_40_42_47_50_59_61_64_66_69_70_71_72_74_76_85_87_90_96",552.840816096229,638.837061463861,0.791922769107643,0.715266079478911,0.186341106922015,0.221062565852951,0,10
"sim_1000_100_0_1_7_data.csv",1000,100,"FasterRisk-CV",120.266785860062,60,60,"1_2_3_4_6_9_11_12_13_16_17_18_21_22_24_26_27_28_30_31_34_35_36_40_43_44_45_46_47_49_50_52_53_54_55_56_57_58_60_61_62_64_65_70_75_77_78_80_82_86_87_88_90_91_92_93_94_95_97_98",526.276192235972,652.842162815522,0.811079181608607,0.717384869539478,0.177286166896246,0.223138918113002,2,10
"sim_1000_100_0_1_8_data.csv",1000,100,"FasterRisk-CV",182.760916948318,85,85,"1_2_3_4_5_6_7_8_9_10_11_12_13_15_16_17_19_23_25_26_27_28_29_30_31_32_33_34_35_38_39_40_41_42_43_45_46_47_48_50_51_52_53_54_55_56_58_59_60_61_62_63_65_66_67_68_69_70_71_72_73_74_75_76_77_78_79_80_81_83_84_85_86_87_88_90_91_92_93_94_95_97_98_99_100",514.526758800018,603.100110578082,0.824850647062592,0.753682517414861,0.170456049509744,0.204456201132061,2,10
"sim_1000_100_0_1_9_data.csv",1000,100,"FasterRisk-CV",91.4374051094055,50,50,"1_3_5_6_7_11_12_14_15_16_18_20_22_23_25_26_28_31_33_35_36_38_39_40_41_43_44_45_46_48_56_59_60_64_69_72_74_76_77_78_81_84_85_89_90_92_94_95_99_100",527.883652240935,589.277897867621,0.810195640335704,0.763971502974107,0.177456643254041,0.200865630159539,1,10
"sim_1000_100_0_2_1_data.csv",1000,100,"FasterRisk-CV",125.121278047562,60,60,"1_2_3_5_6_7_8_11_13_14_17_20_22_23_24_26_28_31_32_34_36_39_41_43_45_46_47_49_50_51_52_53_54_55_57_58_60_62_63_67_68_72_73_74_75_76_77_78_79_80_83_85_88_89_90_92_95_96_98_99",483.681215235071,601.18992005859,0.849222074122106,0.767738554351827,0.158112534877076,0.201517930640631,3,9
"sim_1000_100_0_2_10_data.csv",1000,100,"FasterRisk-CV",200.147125005722,90,78,"1_3_4_5_6_7_8_10_13_15_16_17_20_21_23_24_26_27_28_30_31_32_33_34_35_36_38_39_40_41_42_43_44_46_47_48_49_50_51_52_53_54_56_57_58_59_61_62_63_64_65_66_67_69_70_71_72_73_75_76_77_78_79_80_81_83_84_87_88_90_92_93_94_95_97_98_99_100",441.351495683045,647.035439027516,0.875670686783266,0.753600240216195,0.141605603690494,0.217021367672168,1,10
"sim_1000_100_0_2_2_data.csv",1000,100,"FasterRisk-CV",196.871635913849,95,87,"1_2_3_4_5_7_8_9_10_11_12_13_14_15_16_18_19_20_21_22_23_25_26_27_28_29_31_32_33_34_35_36_37_38_39_40_41_42_43_44_46_48_49_50_51_52_53_54_55_56_58_59_60_61_62_63_65_66_67_68_69_70_71_72_73_75_76_77_78_79_80_81_83_84_85_86_87_89_90_91_93_95_96_97_98_99_100",440.989672851193,569.482461720903,0.878413445943511,0.792692590932377,0.140266314627676,0.192205737300827,3,10
"sim_1000_100_0_2_3_data.csv",1000,100,"FasterRisk-CV",195.042030096054,90,87,"1_2_3_4_5_6_7_8_9_10_11_12_14_15_16_17_18_19_20_21_22_25_26_27_28_29_30_31_32_33_35_36_37_38_39_40_41_42_43_44_46_47_48_49_50_51_52_53_54_55_56_58_59_60_61_62_63_64_65_66_67_68_69_70_71_72_73_74_75_76_78_80_81_82_83_84_87_88_89_90_92_93_94_96_98_99_100",467.862270805905,561.533284976199,0.856779101191072,0.794767179068716,0.153988628739781,0.187702835332242,2,10
"sim_1000_100_0_2_4_data.csv",1000,100,"FasterRisk-CV",194.622150182724,100,93,"1_2_3_4_5_6_7_8_9_10_11_12_13_14_15_16_17_18_19_20_21_22_23_24_25_26_27_28_29_30_31_32_33_35_36_37_38_39_40_41_42_43_45_46_47_48_49_51_52_53_54_55_56_57_59_60_61_62_63_64_65_66_67_68_69_70_71_72_73_74_75_76_78_79_80_81_83_84_85_86_87_88_90_91_92_93_94_95_96_97_98_99_100",434.27567877009,563.014505960285,0.876254636591479,0.804182950586221,0.143164317082624,0.187408297242565,3,10
"sim_1000_100_0_2_5_data.csv",1000,100,"FasterRisk-CV",165.423181056976,70,70,"1_2_4_5_6_7_8_9_10_11_13_14_15_17_18_19_20_21_22_23_24_26_27_30_33_34_35_37_38_40_43_46_48_50_51_54_55_56_58_59_60_62_63_64_65_68_69_70_71_72_74_76_77_78_79_80_81_82_83_86_87_88_89_90_91_92_94_97_99_100",438.559162164286,601.314593377124,0.877714779934653,0.780247447274357,0.141286645463932,0.199556326033366,3,10
"sim_1000_100_0_2_6_data.csv",1000,100,"FasterRisk-CV",108.113737821579,55,55,"1_6_7_8_10_11_12_20_21_22_23_24_26_27_29_30_31_33_34_36_37_38_39_40_43_44_46_47_49_50_52_53_54_56_59_61_62_63_64_65_66_67_68_70_73_75_76_78_79_80_82_83_85_89_97",477.973660884433,561.504108123723,0.850885403541614,0.796514674528283,0.156819581651673,0.187947570385174,2,10
"sim_1000_100_0_2_7_data.csv",1000,100,"FasterRisk-CV",196.01944899559,95,86,"1_2_3_4_5_6_7_8_9_10_11_12_14_15_16_17_20_21_23_24_25_27_28_29_30_32_34_35_36_37_38_40_41_44_45_46_47_48_49_50_51_52_53_54_55_56_57_58_59_60_62_63_64_65_66_67_68_69_70_71_72_73_75_76_77_78_79_80_81_82_83_84_85_86_87_88_89_91_92_93_95_96_97_98_99_100",445.124717921885,576.272454068713,0.871511776753712,0.792974202242865,0.145908138698579,0.192260759205205,2,10
"sim_1000_100_0_2_8_data.csv",1000,100,"FasterRisk-CV",200.007796049118,80,80,"1_2_4_5_7_8_9_10_11_12_13_14_15_16_17_18_19_21_22_23_24_25_26_27_28_29_32_33_36_37_38_39_41_42_43_44_45_46_47_49_50_52_53_54_55_56_57_58_59_60_61_62_63_64_65_66_69_70_71_73_74_77_78_79_80_81_83_84_85_87_89_90_91_93_94_96_97_98_99_100",426.787435403498,620.843701417622,0.88482834551096,0.776627662766277,0.137214268446951,0.202894267237194,2,10
"sim_1000_100_0_2_9_data.csv",1000,100,"FasterRisk-CV",190.484709024429,100,89,"2_3_4_5_6_8_9_10_12_13_14_15_16_18_19_21_22_23_24_25_26_27_28_29_30_31_32_33_34_35_36_37_38_39_41_42_43_44_45_46_47_48_49_50_51_52_53_54_55_56_57_58_59_60_61_62_63_64_65_67_68_69_71_72_73_74_75_76_77_78_79_81_82_83_85_86_87_88_89_90_91_92_93_94_95_96_97_98_100",469.833883713872,580.679914242426,0.854971988795518,0.783527227177954,0.155468800126785,0.19439576440011,3,10
"sim_1000_100_0_3_1_data.csv",1000,100,"FasterRisk-CV",199.829707145691,75,75,"1_2_3_4_5_6_9_10_11_14_15_16_17_18_19_20_25_26_28_29_30_31_33_34_35_38_39_42_43_44_45_46_47_48_49_50_52_54_56_57_58_59_61_63_65_66_67_68_69_71_72_73_74_75_76_77_78_79_80_82_84_85_86_87_88_89_91_92_93_94_95_96_97_98_99",409.519774132973,527.957227183141,0.894016355056018,0.834869551632557,0.13152204892782,0.171911718768735,2,10
"sim_1000_100_0_3_10_data.csv",1000,100,"FasterRisk-CV",186.870242118835,100,88,"1_2_3_4_5_7_8_9_10_12_13_14_16_17_18_19_20_21_22_23_24_25_26_27_28_29_30_31_32_33_35_36_37_38_39_40_41_43_45_47_48_49_50_51_53_54_55_57_58_59_60_61_63_64_65_66_68_69_70_71_72_73_74_75_76_77_78_79_80_81_82_83_84_85_86_87_88_89_90_91_92_94_95_96_97_98_99_100",442.914477987119,524.284004729332,0.872937485708325,0.827628856886266,0.145501320638234,0.173782661984224,3,10
"sim_1000_100_0_3_2_data.csv",1000,100,"FasterRisk-CV",196.232948064804,90,90,"1_2_3_4_6_7_8_9_10_12_13_15_16_17_18_19_20_21_22_23_24_25_26_27_28_29_30_31_32_33_34_35_36_37_38_39_40_41_42_43_44_45_46_47_48_50_51_53_54_55_56_57_58_59_60_61_62_63_65_66_67_68_69_70_72_75_76_77_78_79_80_81_82_83_84_85_86_87_88_89_90_91_92_93_95_96_97_98_99_100",451.594151043909,617.44229561024,0.866894129613834,0.765794382796112,0.149016621205358,0.206813034206596,2,10
"sim_1000_100_0_3_3_data.csv",1000,100,"FasterRisk-CV",209.601986169815,85,85,"1_2_3_5_6_7_8_10_11_12_13_14_15_16_17_18_20_21_22_24_25_26_27_28_29_31_32_33_34_35_37_38_41_42_43_44_45_47_48_49_50_51_54_55_56_57_58_59_60_61_62_63_64_65_66_67_68_69_70_71_72_73_74_75_76_77_78_79_80_81_82_83_84_85_86_87_88_89_91_92_93_95_96_97_98",423.617032650757,566.274846080318,0.885122161954591,0.813225740600646,0.137684373271246,0.181116551001166,2,9
"sim_1000_100_0_3_4_data.csv",1000,100,"FasterRisk-CV",192.072905063629,85,84,"1_2_3_7_8_9_10_11_12_14_15_16_17_18_19_20_21_23_24_25_26_28_29_31_34_35_36_37_38_39_41_42_44_45_47_48_49_51_52_53_54_55_56_57_58_59_60_62_63_64_65_66_67_68_69_70_71_72_73_74_75_76_77_78_79_81_82_83_84_85_86_87_88_89_90_91_92_93_95_96_97_98_99_100",452.517823067229,556.949598020771,0.867362002952579,0.802315533436815,0.148333994405039,0.186574466243778,2,10
"sim_1000_100_0_3_5_data.csv",1000,100,"FasterRisk-CV",160.439637899399,60,60,"2_4_5_6_7_9_10_12_13_14_20_23_25_27_28_29_30_31_33_34_35_38_42_43_45_46_47_51_52_53_56_57_58_59_61_63_65_66_67_69_70_72_73_74_75_76_79_81_82_84_87_88_89_92_93_94_95_96_97_98",416.483092986458,552.354428682161,0.889299166236376,0.819188021304392,0.134970168277504,0.178525810733639,3,10
"sim_1000_100_0_3_6_data.csv",1000,100,"FasterRisk-CV",144.699300050735,65,65,"1_2_4_5_6_7_10_11_13_14_15_17_19_20_21_23_24_26_28_29_30_31_32_33_36_39_40_41_42_46_47_48_51_52_53_54_55_57_60_61_63_64_65_66_67_73_75_76_77_78_79_80_83_85_88_89_90_91_92_93_94_95_96_97_98",456.517154868963,569.076145646454,0.864301315284178,0.797571044546851,0.150430603081009,0.189172518182644,3,10
"sim_1000_100_0_3_7_data.csv",1000,100,"FasterRisk-CV",181.074575901031,80,80,"1_2_4_5_7_8_9_11_12_13_14_15_16_17_18_19_20_21_23_24_25_26_27_28_29_30_31_33_34_35_36_37_39_40_41_42_43_44_46_50_52_53_54_55_57_58_60_61_62_63_65_66_67_68_69_70_71_73_74_75_76_77_78_79_80_81_82_83_84_85_88_89_90_91_92_93_97_98_99_100",460.212850727337,569.26979370754,0.863323274205943,0.794773506616144,0.150565315989299,0.188286345553221,2,10
"sim_1000_100_0_3_8_data.csv",1000,100,"FasterRisk-CV",227.317965984344,85,85,"1_2_3_4_5_6_7_8_10_11_12_14_15_16_17_19_20_21_22_23_24_25_26_27_29_30_31_33_34_35_36_38_39_41_42_44_45_46_47_48_49_50_52_53_54_55_56_57_58_59_60_61_63_64_65_66_67_68_69_70_71_72_73_74_75_76_77_78_79_80_82_83_84_85_86_88_91_92_93_94_95_96_97_98_99",397.027924977124,587.401240438331,0.899003900390039,0.811756892992591,0.12874727821318,0.186567149080634,3,10
"sim_1000_100_0_3_9_data.csv",1000,100,"FasterRisk-CV",183.511179924011,70,70,"2_3_4_5_6_7_10_11_14_16_17_18_19_20_22_23_24_25_26_27_29_30_32_33_34_35_36_37_38_39_40_42_43_46_47_48_49_50_52_53_55_56_57_58_59_60_61_62_64_65_66_67_68_69_70_71_72_73_78_79_80_82_83_85_87_88_89_92_96_98",410.60309414248,609.907598026975,0.893885618940537,0.787064055301384,0.131879883971631,0.199722476142198,3,10
"sim_1000_100_0.5_1_1_data.csv",1000,100,"FasterRisk-CV",45.8848299980164,35,35,"3_4_6_11_13_14_17_18_19_23_24_27_30_31_32_33_35_37_39_40_42_43_44_45_46_47_48_49_51_52_54_56_60_69_78",540.184135673894,618.22966614705,0.801160876305385,0.737205720572057,0.181425254066961,0.212298500674575,0,9
"sim_1000_100_0.5_1_10_data.csv",1000,100,"FasterRisk-CV",23.3942561149597,25,25,"1_2_3_5_12_16_19_20_23_26_27_29_32_33_36_37_38_41_42_44_45_49_64_91_95",569.649984788609,642.236700785696,0.772051322059124,0.707591473293039,0.194302022304439,0.223234165357724,0,10
"sim_1000_100_0.5_1_2_data.csv",1000,100,"FasterRisk-CV",186.103006124496,100,80,"1_2_3_4_7_9_10_12_13_14_15_16_17_18_19_21_22_23_24_25_26_27_28_29_30_31_32_33_35_36_37_38_40_41_43_44_45_46_48_51_52_53_54_55_56_57_58_59_60_61_63_64_65_67_68_69_70_71_72_73_74_75_76_79_80_81_82_83_84_85_86_89_91_92_93_94_96_97_99_100",536.24585011679,662.614604343943,0.801065908188277,0.713311331133113,0.181409769421772,0.225475986417875,1,10
"sim_1000_100_0.5_1_3_data.csv",1000,100,"FasterRisk-CV",14.1802248954773,20,20,"5_10_11_14_15_16_17_19_26_35_36_37_41_43_44_45_47_50_55_71",600.489441737005,601.989176417798,0.734755804835896,0.738137167008197,0.207723951882339,0.207249159840213,0,8
"sim_1000_100_0.5_1_4_data.csv",1000,100,"FasterRisk-CV",32.1680181026459,30,30,"1_2_3_4_5_6_8_12_17_19_21_23_24_26_28_32_33_34_35_37_39_40_41_45_47_50_55_72_76_100",589.697530391835,628.824698312664,0.75344611654176,0.705532,0.201726538548111,0.219522351523932,0,9
"sim_1000_100_0.5_1_5_data.csv",1000,100,"FasterRisk-CV",33.1946589946747,30,30,"3_6_8_9_12_14_15_16_18_19_22_23_24_26_27_30_31_34_36_37_39_40_42_43_44_46_68_79_89_96",559.907141827636,621.619977085116,0.781454471101418,0.721643812595281,0.189830914066061,0.214769211546349,0,9
"sim_1000_100_0.5_1_6_data.csv",1000,100,"FasterRisk-CV",74.3021709918976,45,45,"1_2_3_6_8_9_10_12_14_15_17_18_20_21_23_24_28_29_30_32_33_34_35_37_38_39_40_41_42_43_44_45_47_48_49_52_61_63_64_72_77_78_79_93_97",540.987926792094,630.57874038645,0.798791516606643,0.716198048167606,0.18279206548079,0.219152579028483,0,10
"sim_1000_100_0.5_1_7_data.csv",1000,100,"FasterRisk-CV",91.3963630199432,50,50,"1_2_3_4_6_7_10_11_12_14_15_16_17_19_20_21_22_23_24_27_29_30_31_32_33_34_37_38_40_41_44_45_47_48_51_53_54_55_57_59_62_63_64_65_68_69_74_78_88_99",538.590536879329,650.756300220591,0.801756200003206,0.706613941319979,0.181425902899978,0.22590309101948,0.5,10
"sim_1000_100_0.5_1_8_data.csv",1000,100,"FasterRisk-CV",33.5072531700134,30,30,"1_2_8_9_11_13_14_15_16_21_22_23_25_26_27_31_33_35_37_39_41_44_47_52_62_71_72_86_88_91",547.155960420258,623.407599322537,0.79722902265745,0.724294871794872,0.183968223032686,0.215385977218196,0,10
"sim_1000_100_0.5_1_9_data.csv",1000,100,"FasterRisk-CV",118.711422920227,60,60,"1_2_4_5_7_8_9_11_13_14_15_16_17_18_20_21_22_23_25_27_28_31_33_34_36_37_38_39_41_42_43_44_46_47_48_49_51_52_53_57_58_59_63_66_67_68_70_76_77_79_82_83_87_90_93_95_96_97_98_99",546.666178741049,639.748987193177,0.790877886415644,0.718183490935855,0.185972847118514,0.220152059456383,2,9
"sim_1000_100_0.5_2_1_data.csv",1000,100,"FasterRisk-CV",120.092880964279,60,60,"1_2_5_6_7_8_10_11_12_13_14_15_16_17_19_21_23_24_26_27_29_30_31_32_33_34_35_36_38_39_40_41_42_43_44_45_46_47_49_50_57_58_65_71_72_73_75_76_79_80_82_83_89_90_92_93_94_95_96_98",480.021429266833,658.699998507496,0.849159539368313,0.724398705180478,0.158121888552828,0.223864768827999,2,10
"sim_1000_100_0.5_2_10_data.csv",1000,100,"FasterRisk-CV",91.1914880275726,50,50,"2_3_5_6_7_8_9_11_16_17_18_19_20_21_22_23_24_25_27_28_29_30_33_35_36_38_39_40_41_44_45_48_49_51_52_56_70_71_73_78_79_81_84_86_91_94_95_97_98_100",517.070519328234,573.744574065174,0.81981819710124,0.772700345433513,0.172950499062571,0.196320529855298,0.5,10
"sim_1000_100_0.5_2_2_data.csv",1000,100,"FasterRisk-CV",184.950474977493,85,85,"1_2_3_4_6_7_8_9_10_11_12_14_15_16_17_18_19_20_22_23_24_25_26_27_28_29_30_31_32_33_34_35_36_37_39_40_41_42_43_44_45_46_47_49_50_51_52_53_54_56_57_59_60_61_62_64_66_68_69_70_72_74_75_77_78_79_80_81_82_84_85_86_87_88_89_90_91_92_93_94_95_97_98_99_100",484.168533598812,692.741894887324,0.845966269459927,0.710666120139525,0.160019868456208,0.233413692233055,2,10
"sim_1000_100_0.5_2_3_data.csv",1000,100,"FasterRisk-CV",8.62072801589966,15,15,"2_3_7_8_9_11_12_19_22_24_25_30_33_34_49",549.573656399818,578.317104824007,0.792969672705435,0.767466515178186,0.185454683553881,0.19755374245397,0,7
"sim_1000_100_0.5_2_4_data.csv",1000,100,"FasterRisk-CV",45.9686200618744,35,35,"2_4_5_7_9_10_12_14_15_16_17_18_22_23_26_28_31_32_33_34_35_37_38_42_43_45_47_48_49_50_57_62_84_88_96",534.040356676568,654.786535146388,0.811767249663656,0.701612128586066,0.177128368984621,0.227599246491873,0,10
"sim_1000_100_0.5_2_5_data.csv",1000,100,"FasterRisk-CV",15.6864418983459,20,20,"1_3_7_9_10_13_14_15_17_19_28_30_35_36_43_45_46_47_48_50",534.768266767372,620.283710992506,0.806544617847139,0.73096,0.179328997661018,0.214824849032284,0,10
"sim_1000_100_0.5_2_6_data.csv",1000,100,"FasterRisk-CV",193.722660064697,95,81,"1_2_4_5_6_7_8_9_10_11_12_13_14_15_16_18_19_20_21_22_24_25_26_27_28_29_31_32_34_35_36_37_39_40_41_42_43_44_45_46_47_48_49_50_53_55_56_59_60_61_63_64_65_67_69_71_72_73_74_75_76_78_79_80_82_83_84_86_87_88_89_90_91_92_94_95_96_97_98_99_100",516.928620212109,669.689473541264,0.821637473726354,0.704340311119647,0.172345459305327,0.231800773839749,2,10
"sim_1000_100_0.5_2_7_data.csv",1000,100,"FasterRisk-CV",171.393579959869,80,80,"1_2_3_4_5_6_7_9_10_11_12_13_14_15_16_17_19_20_21_22_24_25_26_27_28_29_32_33_34_36_37_38_40_41_42_43_44_45_46_47_48_50_51_52_53_54_55_56_57_59_60_61_62_65_67_68_69_70_71_72_74_75_76_78_79_80_81_83_84_87_88_89_91_92_93_95_96_98_99_100",522.213903380046,611.306852998492,0.818645169313719,0.740587849405591,0.173566563391006,0.211606040333909,1,10
"sim_1000_100_0.5_2_8_data.csv",1000,100,"FasterRisk-CV",184.708647966385,100,83,"1_2_3_4_5_6_7_8_9_10_11_12_13_14_15_16_18_20_21_22_23_24_25_26_27_28_29_30_31_32_33_34_36_37_38_39_40_41_42_43_44_45_46_47_49_50_51_53_54_55_56_57_58_59_60_61_62_63_64_65_66_67_68_69_71_72_73_74_78_79_81_82_83_85_87_90_92_93_94_95_96_97_99",505.652326711106,649.311898600429,0.830685096153846,0.720667776159767,0.167962093494217,0.222995427848088,2,10
"sim_1000_100_0.5_2_9_data.csv",1000,100,"FasterRisk-CV",133.697131872177,65,65,"1_2_3_4_6_7_8_9_10_11_13_15_16_17_18_19_20_21_22_23_25_26_28_29_30_31_32_33_34_35_40_42_43_44_45_46_48_49_50_51_52_55_57_60_61_62_63_65_70_72_73_76_77_78_82_84_87_88_89_90_94_95_96_97_98",503.975594926303,628.494313297001,0.828149934679932,0.734081295346948,0.168478104582289,0.216419848238696,2,10
"sim_1000_100_0.5_3_1_data.csv",1000,100,"FasterRisk-CV",45.1280679702759,35,35,"1_2_5_6_7_8_12_14_18_20_22_25_26_29_30_31_32_34_35_36_37_38_39_40_42_43_44_46_58_60_73_84_95_98_100",524.424465196804,607.649825154991,0.81687126748507,0.74736583141321,0.174543939720748,0.208452844152996,0,9
"sim_1000_100_0.5_3_10_data.csv",1000,100,"FasterRisk-CV",47.7685971260071,35,35,"1_2_4_5_7_9_10_13_15_19_21_23_26_27_29_30_32_33_34_35_36_37_38_40_41_45_47_48_50_65_72_76_88_93_94",472.137035438363,577.082455700107,0.854577673242772,0.783713607867142,0.15531929526111,0.192938709190558,0,10
"sim_1000_100_0.5_3_2_data.csv",1000,100,"FasterRisk-CV",74.781998872757,45,45,"5_6_7_8_9_11_12_13_15_16_17_18_19_24_28_29_30_31_33_34_35_38_39_40_41_43_44_45_46_47_48_49_50_53_54_56_63_69_76_80_82_83_88_90_94",517.290540166887,651.131427937488,0.822257644110276,0.716971544715447,0.171578292334617,0.223963997582749,0,10
"sim_1000_100_0.5_3_3_data.csv",1000,100,"FasterRisk-CV",187.287342071533,100,81,"1_2_3_4_5_6_8_9_10_11_12_14_15_16_17_18_19_20_21_22_23_24_25_26_28_30_31_32_33_34_35_36_37_38_39_40_41_43_44_45_46_47_48_49_50_51_53_54_56_58_59_60_61_63_64_65_66_67_68_70_71_72_74_75_78_79_80_81_82_83_85_87_88_89_90_91_92_93_94_95_98",526.039019929819,669.858187423213,0.815813899524307,0.708511557744709,0.175036405982883,0.228388438874576,1.5,10
"sim_1000_100_0.5_3_4_data.csv",1000,100,"FasterRisk-CV",24.4103319644928,25,25,"1_2_7_8_10_13_14_15_16_20_21_23_26_27_28_34_36_37_39_40_41_44_46_51_99",529.124049711949,572.214749746471,0.816752272145417,0.774858216248258,0.174861113956145,0.194526294319544,0,10
"sim_1000_100_0.5_3_5_data.csv",1000,100,"FasterRisk-CV",186.097019910812,100,77,"1_2_3_5_6_7_9_10_11_12_14_15_16_17_18_20_21_22_24_25_26_27_28_29_30_31_32_33_34_35_36_37_38_40_41_42_43_44_45_46_47_48_49_50_51_54_56_59_60_61_63_64_65_67_68_69_70_71_73_75_77_78_79_80_84_85_86_88_90_91_92_94_95_96_97_99_100",471.632707390129,638.751060537262,0.855299421197685,0.741487159155984,0.154828515767607,0.217294309346384,1,10
"sim_1000_100_0.5_3_6_data.csv",1000,100,"FasterRisk-CV",15.4800062179565,20,20,"1_6_7_12_16_17_21_25_26_28_32_34_38_39_41_47_48_50_62_90",542.234138180262,573.996861036024,0.800965261776754,0.767758753836243,0.182211304325146,0.19643086622256,0,9
"sim_1000_100_0.5_3_7_data.csv",1000,100,"FasterRisk-CV",14.8837630748749,20,20,"3_4_5_9_19_21_22_25_27_29_35_39_40_41_45_46_50_71_91_100",527.54276846876,583.060830374741,0.813986965896908,0.766132613261326,0.175042404544447,0.198830430116202,0,8
"sim_1000_100_0.5_3_8_data.csv",1000,100,"FasterRisk-CV",194.928451776505,95,89,"1_2_3_4_5_6_8_9_10_11_12_13_14_15_16_17_18_19_20_21_22_23_24_26_27_28_29_30_31_32_33_34_37_38_39_40_41_42_43_44_45_46_47_48_49_51_52_53_54_56_57_58_59_60_61_62_63_64_65_67_68_69_71_72_73_74_75_76_80_81_82_83_84_85_86_87_88_89_90_91_92_93_94_95_96_97_98_99_100",490.59343620412,671.30331363558,0.839382518973719,0.713449684188631,0.163685705531459,0.229812105132025,2,10
"sim_1000_100_0.5_3_9_data.csv",1000,100,"FasterRisk-CV",58.6667931079865,40,40,"1_2_3_5_10_11_15_16_17_18_20_21_22_23_24_25_26_27_28_30_32_34_35_36_38_40_43_45_46_47_48_49_50_54_57_60_63_83_93_94",504.3759948835,561.628216433695,0.830803323213293,0.78675140836054,0.167972626094954,0.190839776080346,0,10
"sim_500_50_0_1_1_data.csv",500,50,"FasterRisk-CV",31.2635388374329,40,40,"1_3_4_5_6_8_9_10_11_12_13_14_15_16_17_18_20_21_22_23_24_25_27_28_29_30_31_32_35_36_37_38_39_40_41_43_45_46_49_50",265.421462166925,325.732162715541,0.806032274590164,0.697920504974447,0.179323945721025,0.230543549254708,3,10
"sim_500_50_0_1_10_data.csv",500,50,"FasterRisk-CV",35.6513700485229,50,42,"1_2_4_5_6_7_8_9_10_11_12_13_14_15_17_18_19_20_22_23_24_25_26_27_28_29_30_32_34_35_37_38_40_41_42_43_45_46_47_48_49_50",268.999449229176,312.598773015378,0.80797745432419,0.736258012820513,0.17883140091568,0.214570395282047,4,10
"sim_500_50_0_1_2_data.csv",500,50,"FasterRisk-CV",36.3028149604797,50,48,"1_2_3_4_5_6_7_8_9_10_12_13_14_15_16_17_18_19_21_22_23_24_25_26_27_28_29_30_31_32_33_34_35_36_37_38_39_40_41_42_43_44_45_46_47_48_49_50",266.878288147044,331.629986631775,0.809492566929638,0.693979933110368,0.178372546757048,0.231170666069469,2,10
"sim_500_50_0_1_3_data.csv",500,50,"FasterRisk-CV",10.3153820037842,20,20,"1_2_4_6_12_18_22_24_25_26_32_33_36_37_39_40_41_43_47_48",267.977976839938,337.538829593629,0.803212074303406,0.674859055673009,0.18065151701467,0.236721194998888,0,10
"sim_500_50_0_1_4_data.csv",500,50,"FasterRisk-CV",14.9680960178375,25,25,"1_3_4_6_7_8_9_10_11_15_16_18_19_24_25_26_28_30_32_35_38_41_46_48_50",284.640565200793,310.195518956914,0.775920321532081,0.719831730769231,0.193221010618104,0.215047890529478,1.5,10
"sim_500_50_0_1_5_data.csv",500,50,"FasterRisk-CV",20.1484041213989,30,30,"1_2_4_5_6_9_11_14_18_19_20_23_26_28_29_30_31_32_33_34_35_36_37_38_39_40_45_48_49_50",260.40739547947,319.238782804131,0.821780275736177,0.718469551282051,0.173403414710168,0.22138431917417,3,10
"sim_500_50_0_1_6_data.csv",500,50,"FasterRisk-CV",36.2299900054932,50,45,"1_2_3_4_5_7_8_9_10_11_12_13_14_15_16_17_19_20_21_22_23_24_25_26_27_28_29_30_32_33_34_35_36_37_38_39_40_41_42_45_46_47_48_49_50",265.133289739714,326.066049819672,0.803780284043442,0.708352043107319,0.179235612431692,0.225648656230649,3,10
"sim_500_50_0_1_7_data.csv",500,50,"FasterRisk-CV",25.1675999164581,35,35,"1_2_3_6_7_9_12_14_16_17_19_23_24_25_26_27_28_30_31_33_34_35_36_38_39_40_41_42_43_44_46_47_48_49_50",273.939345346786,322.147370023767,0.79301489470981,0.706611305780892,0.185162131676583,0.224195336069247,3,10
"sim_500_50_0_1_8_data.csv",500,50,"FasterRisk-CV",35.0704500675201,50,43,"1_2_3_5_6_7_8_9_10_11_12_13_14_15_16_17_18_19_20_21_22_23_24_26_27_28_29_30_31_33_34_35_36_39_40_42_43_45_46_47_48_49_50",260.173343511766,316.298211116232,0.819348438300051,0.724662840976676,0.174205287206585,0.21824070254903,3,10
"sim_500_50_0_1_9_data.csv",500,50,"FasterRisk-CV",35.8040158748627,50,46,"1_2_3_5_6_7_8_9_10_12_13_14_15_17_18_19_20_22_23_24_25_26_27_28_29_30_31_32_33_34_35_36_37_38_39_40_41_42_43_44_45_46_47_48_49_50",251.505489370892,303.342549092791,0.832334705778689,0.757432096388635,0.16675337756939,0.204363307405322,2,10
"sim_500_50_0_2_1_data.csv",500,50,"FasterRisk-CV",32.5101220607758,40,40,"1_2_3_4_5_6_8_9_11_12_13_14_15_16_17_19_21_22_23_24_26_27_28_29_30_32_33_34_35_37_38_39_41_43_44_45_46_47_48_49",247.765835308973,291.346249267383,0.835684707241911,0.787441391560385,0.164755923597909,0.193224058485854,4,10
"sim_500_50_0_2_10_data.csv",500,50,"FasterRisk-CV",30.9777390956879,40,40,"1_2_4_5_6_7_8_9_10_12_13_14_15_18_19_20_21_22_23_24_25_26_27_28_29_30_31_32_33_34_37_38_39_42_43_44_45_46_48_49",263.044025021369,315.359260913123,0.812444928627501,0.734103537173144,0.176825794914774,0.214502690628969,3,10
"sim_500_50_0_2_2_data.csv",500,50,"FasterRisk-CV",35.4153029918671,45,45,"1_2_3_4_5_6_7_8_9_10_11_12_13_14_16_17_18_19_20_22_24_26_27_29_30_31_32_33_34_35_36_37_38_39_40_41_42_43_44_45_46_47_48_49_50",267.667168344007,295.184733004992,0.801450164718041,0.757965146981165,0.18021639894346,0.203184584933684,4,10
"sim_500_50_0_2_3_data.csv",500,50,"FasterRisk-CV",15.054386138916,25,25,"1_3_4_5_7_8_11_15_16_20_22_25_31_32_33_35_37_38_39_41_43_44_45_48_49",246.674372744857,313.748016749327,0.844470433682052,0.753812060992976,0.159937199683078,0.208476884347286,1,10
"sim_500_50_0_2_4_data.csv",500,50,"FasterRisk-CV",36.0123209953308,50,47,"1_2_3_4_5_6_7_8_9_10_11_12_13_14_15_16_17_18_19_20_21_22_23_24_25_26_27_29_30_31_32_33_34_35_36_37_38_39_40_42_43_44_45_46_47_49_50",245.016077089735,297.402772905167,0.842977388743979,0.776436910642119,0.160742097156102,0.200855737531614,3,10
"sim_500_50_0_2_5_data.csv",500,50,"FasterRisk-CV",25.2347311973572,35,35,"1_2_3_4_5_7_8_11_14_15_16_17_18_19_21_22_23_25_26_28_31_32_34_35_36_38_39_41_42_44_45_46_47_48_50",267.195757757998,285.700709847058,0.803948444187948,0.779924947078068,0.180480961518665,0.19335078576462,4,10
"sim_500_50_0_2_6_data.csv",500,50,"FasterRisk-CV",35.2952220439911,45,45,"1_2_3_4_5_6_7_8_10_11_12_14_15_16_17_18_19_20_21_22_23_24_25_26_27_28_29_30_32_33_34_36_38_39_40_41_42_43_44_45_46_47_48_49_50",250.373934790806,331.101158162753,0.83126785109164,0.712198322770629,0.16646212077837,0.227999260993378,3,10
"sim_500_50_0_2_7_data.csv",500,50,"FasterRisk-CV",15.3095009326935,25,25,"4_7_12_15_17_18_19_21_22_23_26_27_28_30_33_34_36_38_39_41_42_43_45_47_50",271.453792378465,333.497050741096,0.800204918032787,0.694604022979309,0.18277538695076,0.232357087034585,1.5,10
"sim_500_50_0_2_8_data.csv",500,50,"FasterRisk-CV",20.6749432086945,30,30,"3_4_5_7_8_9_10_13_14_15_17_18_19_22_23_24_27_28_30_31_32_33_34_35_39_43_45_46_47_48",240.765506846673,296.364397124902,0.848651460584234,0.77270981371231,0.15921517400587,0.200729549360608,3,10
"sim_500_50_0_2_9_data.csv",500,50,"FasterRisk-CV",25.7112259864807,35,35,"1_3_4_6_7_8_11_12_13_14_15_17_19_20_21_23_24_26_27_28_29_32_33_35_36_37_38_39_40_42_43_45_47_48_49",261.892462932404,345.995002956456,0.808160936168845,0.672595046082949,0.177303919965823,0.241533316571648,3,10
"sim_500_50_0_3_1_data.csv",500,50,"FasterRisk-CV",31.252298116684,40,40,"1_3_4_7_8_9_10_12_13_14_15_16_17_18_20_21_23_24_25_26_27_28_29_30_31_32_33_34_35_36_38_39_41_42_43_44_45_46_47_48",251.610068935201,316.514243853529,0.830927653582116,0.729019664314629,0.167830004957953,0.219557761070582,4,10
"sim_500_50_0_3_10_data.csv",500,50,"FasterRisk-CV",35.8462491035461,45,45,"1_2_3_5_6_7_8_9_10_12_13_14_15_16_18_19_20_21_22_23_24_25_26_27_28_29_30_31_32_33_34_35_36_37_38_39_41_42_43_44_45_46_48_49_50",234.904945235751,298.416169772389,0.85602056505862,0.781013744313675,0.154436046972511,0.196505116951809,4,10
"sim_500_50_0_3_2_data.csv",500,50,"FasterRisk-CV",31.3806159496307,40,40,"1_2_3_5_6_7_8_10_11_12_13_14_15_16_17_18_19_21_22_23_24_27_28_29_31_32_34_35_37_38_39_41_42_43_45_46_47_48_49_50",259.128827874838,322.606709755727,0.818293834312141,0.714871992176854,0.173950307075246,0.222970712634617,3,10
"sim_500_50_0_3_3_data.csv",500,50,"FasterRisk-CV",36.2038869857788,45,45,"1_2_4_5_6_8_9_11_12_13_14_15_16_17_18_19_20_21_22_23_24_25_27_28_29_30_31_32_33_34_35_36_37_38_39_40_41_42_43_45_46_47_48_49_50",232.084550476721,317.077715211548,0.863305263831967,0.759818053686975,0.150258904393764,0.210133597382453,4,10
"sim_500_50_0_3_4_data.csv",500,50,"FasterRisk-CV",6.38246893882751,15,15,"4_5_7_16_21_24_25_30_33_35_36_39_40_46_50",258.186933565375,304.669137053495,0.821614645954568,0.750698189522342,0.171783908226832,0.207469634406483,0,10
"sim_500_50_0_3_5_data.csv",500,50,"FasterRisk-CV",36.5596148967743,50,44,"1_2_3_5_6_7_8_10_11_12_14_15_17_18_19_20_21_22_23_24_25_26_27_28_29_30_31_32_33_34_35_36_37_38_39_40_42_43_44_45_46_47_49_50",238.850404402638,317.821628920798,0.853211818079803,0.7444625824211,0.155530045414253,0.213768437257549,3,10
"sim_500_50_0_3_6_data.csv",500,50,"FasterRisk-CV",10.3940031528473,20,20,"4_13_15_16_17_18_20_22_24_25_27_28_30_31_34_35_40_41_47_48",266.929055595589,312.749652012613,0.802928742505345,0.738260953236256,0.180916012367505,0.215203075633808,0,8
"sim_500_50_0_3_7_data.csv",500,50,"FasterRisk-CV",36.5736558437347,50,46,"2_3_4_5_6_7_8_9_10_11_12_13_14_15_16_17_18_19_20_21_22_23_24_25_26_27_29_30_31_32_33_34_35_36_37_38_39_41_43_44_45_46_47_48_49_50",252.892218462211,302.738122147029,0.836700363671318,0.756644106305701,0.165727940937765,0.204835909954817,3,10
"sim_500_50_0_3_8_data.csv",500,50,"FasterRisk-CV",25.1671869754791,35,35,"1_2_3_4_5_6_7_8_12_13_14_15_16_17_18_19_20_21_24_25_27_29_30_31_32_36_38_39_41_42_43_45_48_49_50",255.005635390422,295.018616712712,0.827188162714478,0.758779606583701,0.168702808881667,0.20109183647246,2.5,10
"sim_500_50_0_3_9_data.csv",500,50,"FasterRisk-CV",33.6501770019531,40,40,"1_2_3_5_6_7_8_12_13_14_15_16_17_19_20_22_23_24_25_26_27_28_29_30_31_32_34_35_36_37_38_39_41_42_43_45_46_47_49_50",229.221172890825,304.938003893324,0.863761504601841,0.771148338373414,0.150126205453002,0.203585866018598,2,10
"sim_500_50_0.5_1_1_data.csv",500,50,"FasterRisk-CV",2.83074307441711,10,10,"4_7_11_12_14_15_17_29_31_47",288.297685134823,346.716738392656,0.764772232875167,0.631650106401702,0.195889693250109,0.24836735212841,0,8
"sim_500_50_0.5_1_10_data.csv",500,50,"FasterRisk-CV",0.760559797286987,5,5,"5_12_23_24_49",328.439463837581,326.784667300649,0.644348677452491,0.660440176070428,0.232670201146371,0.231017069446092,0,4
"sim_500_50_0.5_1_2_data.csv",500,50,"FasterRisk-CV",0.831103086471558,5,5,"4_12_15_19_31",292.220140699022,329.288812619645,0.758382864191993,0.683621974078406,0.199289172773531,0.230015839427323,0,4
"sim_500_50_0.5_1_3_data.csv",500,50,"FasterRisk-CV",0.812950849533081,5,5,"6_8_9_13_24",312.987052758271,331.231066266615,0.705334272540984,0.643846153846154,0.217971420790797,0.235324813614068,0,5
"sim_500_50_0.5_1_4_data.csv",500,50,"FasterRisk-CV",2.92192602157593,10,10,"1_3_4_5_9_15_16_17_20_23",287.274094246336,336.738778521186,0.770574664765536,0.671671165092218,0.194836400725676,0.23620169080845,0,7
"sim_500_50_0.5_1_5_data.csv",500,50,"FasterRisk-CV",10.1818931102753,20,20,"2_3_5_6_8_9_10_12_15_16_18_21_25_27_29_32_37_40_43_46",286.61758416491,334.4429222809,0.772841461853559,0.692147669264374,0.193713417289821,0.230836594664328,0,8
"sim_500_50_0.5_1_6_data.csv",500,50,"FasterRisk-CV",34.7870349884033,45,43,"1_2_3_4_5_7_8_9_11_12_13_15_16_17_18_19_20_21_22_23_25_26_27_28_29_30_32_34_35_36_37_38_39_40_41_42_43_44_46_47_48_49_50",296.541398851537,353.060847189327,0.747016,0.642319905061261,0.203436691041142,0.248206321711339,3,10
"sim_500_50_0.5_1_7_data.csv",500,50,"FasterRisk-CV",14.9216301441193,25,25,"1_2_3_4_9_12_13_15_16_17_18_19_20_22_23_24_25_26_29_30_35_37_43_44_50",273.895397951177,323.950116922904,0.786278095971507,0.714551967855933,0.186807050656637,0.223600467185672,1,10
"sim_500_50_0.5_1_8_data.csv",500,50,"FasterRisk-CV",35.6717019081116,45,44,"1_2_3_4_5_7_8_9_10_11_12_13_15_16_17_18_19_20_21_22_23_24_25_26_27_28_29_31_33_34_35_36_37_38_39_40_41_42_43_45_46_47_49_50",263.783064614982,361.626846388341,0.816215652285568,0.661449331028743,0.175188969631615,0.250683027543511,2,9
"sim_500_50_0.5_1_9_data.csv",500,50,"FasterRisk-CV",6.25617909431458,15,15,"1_2_5_6_9_10_13_14_16_17_20_23_27_28_47",269.967724715432,334.427893259807,0.800553994379767,0.692999311460185,0.18144995178056,0.233644177590997,0,8
"sim_500_50_0.5_2_1_data.csv",500,50,"FasterRisk-CV",6.07864499092102,15,15,"3_5_7_14_15_16_19_21_22_24_36_45_46_48_50",278.108178789323,315.373156370975,0.781795711350796,0.722848090124978,0.188664271540382,0.219767380223763,0,10
"sim_500_50_0.5_2_10_data.csv",500,50,"FasterRisk-CV",19.4393489360809,30,30,"1_2_3_4_5_6_7_8_9_10_11_13_14_15_16_17_18_20_22_23_24_26_29_32_35_39_44_45_47_49",277.061065554923,310.584583852346,0.788113488342321,0.731846838197645,0.1880932900755,0.212337348514331,2.5,10
"sim_500_50_0.5_2_2_data.csv",500,50,"FasterRisk-CV",34.7170169353485,45,45,"1_2_3_4_5_6_7_8_9_10_11_12_13_14_15_16_17_18_19_20_22_23_24_25_26_27_28_29_30_31_32_33_34_35_36_37_38_39_40_41_42_43_47_49_50",265.782812670096,322.467630940954,0.809300948815181,0.697903130063692,0.178063431371395,0.225003475179249,2,10
"sim_500_50_0.5_2_3_data.csv",500,50,"FasterRisk-CV",35.8545351028442,50,45,"1_2_3_4_5_6_7_8_9_10_11_12_13_14_15_16_17_18_19_20_21_22_23_24_25_26_27_28_29_30_31_32_34_35_36_37_39_40_42_43_44_46_47_48_50",259.573132999721,314.658597967338,0.823926645436943,0.73559631265604,0.171554555420333,0.214832307831367,3,9
"sim_500_50_0.5_2_4_data.csv",500,50,"FasterRisk-CV",30.6676440238953,40,40,"1_3_4_5_6_7_8_11_12_14_15_16_17_18_19_20_21_22_23_24_25_26_29_30_31_32_33_35_37_38_40_41_42_43_44_46_47_48_49_50",250.955751695469,353.55833789637,0.833653584410178,0.696144,0.165548556118873,0.236318046624593,2,10
"sim_500_50_0.5_2_5_data.csv",500,50,"FasterRisk-CV",14.766587972641,25,25,"2_4_6_7_8_9_12_16_17_18_20_21_22_24_25_26_27_29_32_35_37_40_42_48_50",290.430082504853,339.43190170295,0.754883251010328,0.673881038869597,0.19984034725172,0.236388560519354,1,10
"sim_500_50_0.5_2_6_data.csv",500,50,"FasterRisk-CV",36.4078140258789,50,45,"1_2_3_4_5_6_7_8_9_10_11_13_14_15_16_17_18_19_20_21_22_24_25_27_28_29_30_32_33_34_36_37_38_39_40_41_42_43_44_45_46_47_48_49_50",275.635933369079,315.099544398779,0.790424,0.721642962393491,0.186581653110553,0.217642507745426,2,10
"sim_500_50_0.5_2_7_data.csv",500,50,"FasterRisk-CV",5.97773408889771,15,15,"2_3_6_8_9_10_11_12_16_19_21_22_24_25_30",274.926914872166,315.663604617335,0.79034658218126,0.712571401142418,0.186574323121378,0.220146227971878,0,9
"sim_500_50_0.5_2_8_data.csv",500,50,"FasterRisk-CV",0.876039981842041,5,5,"5_9_10_11_39",298.242272243914,326.742195177586,0.747251604231009,0.673691240605739,0.202569635157601,0.229448350170979,0,7
"sim_500_50_0.5_2_9_data.csv",500,50,"FasterRisk-CV",5.68006706237793,15,15,"1_3_4_7_8_10_14_15_20_23_25_31_32_43_49",303.387962858119,329.899016957952,0.731709464651639,0.66927483358935,0.20968037951309,0.231815179278064,0,7
"sim_500_50_0.5_3_1_data.csv",500,50,"FasterRisk-CV",5.72606706619263,15,15,"3_4_6_8_9_12_13_17_18_20_22_23_24_25_34",291.139266249883,331.487359648773,0.753383543346369,0.682813201616524,0.200449054797386,0.231784866648848,0,7
"sim_500_50_0.5_3_10_data.csv",500,50,"FasterRisk-CV",6.14953804016113,15,15,"1_2_6_9_10_11_13_15_16_17_22_23_37_45_50",283.230922786556,316.250097393975,0.776443503232741,0.711554487179487,0.19228339154422,0.220317594014833,0,10
"sim_500_50_0.5_3_2_data.csv",500,50,"FasterRisk-CV",10.343710899353,20,20,"1_3_4_5_7_8_9_12_15_16_17_18_19_21_23_24_25_33_48_49",270.848916112132,305.332139962291,0.791586646181422,0.742591525857655,0.184529695743786,0.209532574028251,0,10
"sim_500_50_0.5_3_3_data.csv",500,50,"FasterRisk-CV",2.80756592750549,10,10,"2_3_11_12_14_15_18_19_25_33",298.649869351276,312.187324485505,0.737639055622249,0.711191626409018,0.206389768305344,0.216715931426919,0,7
"sim_500_50_0.5_3_4_data.csv",500,50,"FasterRisk-CV",0.864738941192627,5,5,"6_8_9_20_34",311.719006505716,339.920474453885,0.700269420745397,0.643081433537865,0.217338534011948,0.241502927025741,0,4
"sim_500_50_0.5_3_5_data.csv",500,50,"FasterRisk-CV",30.558760881424,40,40,"1_2_4_5_6_7_8_10_12_14_15_16_17_18_19_20_21_23_24_25_26_28_30_32_33_34_35_36_37_38_39_40_42_43_45_46_47_48_49_50",264.710109401247,327.79018141784,0.808389256344647,0.703709935897436,0.177331864411843,0.22614955354328,3,10
"sim_500_50_0.5_3_6_data.csv",500,50,"FasterRisk-CV",14.8039581775665,25,25,"1_3_4_5_6_8_9_10_11_12_13_14_20_21_22_24_25_26_27_30_37_41_44_46_47",261.077309950568,327.200104450262,0.813998397435898,0.704629466643197,0.175908983774243,0.2270525853039,1,10
"sim_500_50_0.5_3_7_data.csv",500,50,"FasterRisk-CV",14.5956749916077,25,25,"3_4_5_7_12_13_14_15_16_18_19_21_22_23_26_32_34_36_38_39_41_44_48_49_50",259.194008294467,349.687886028712,0.818199279711885,0.67030952266577,0.174087064233854,0.243997097226021,1,10
"sim_500_50_0.5_3_8_data.csv",500,50,"FasterRisk-CV",5.85938286781311,15,15,"2_3_6_9_13_14_15_16_17_22_23_24_28_34_47",283.159518780817,339.372284554984,0.775896542827657,0.662082373271889,0.190907822353631,0.239947580128176,0,7
"sim_500_50_0.5_3_9_data.csv",500,50,"FasterRisk-CV",5.97138595581055,15,15,"1_2_5_6_7_11_13_14_15_16_18_20_24_34_35",279.92366358479,295.150836568458,0.781753159278979,0.750514105777264,0.190016451704866,0.202548225683161,0,9
